<?xml version='1.0' encoding='utf-8'?>

<hibernate-configuration>
  <session-factory>
  
  	<property name="dialect">org.hibernate.dialect.MySQLDialect</property>
    <property name="show_sql">true</property> 
    <property name="hibernate.hbm2ddl.auto">update</property>
    <property name="hibernate.current_session_context_class">thread</property>
    <property name="format_sql">true</property>
    <property name="hibernate.connection.driver class">com.mysql.cj.jdbc.Driver</property>
    <property name="hibernate.connection.url">jdbc:mysql://localhost:3306/trainingdb7</property>
    <property name="hibernate.connection.username">root</property>
    <property name="hibernate.connection.password">root</property>
    <mapping resource="Contact.hbm.xml"></mapping>
   <mapping resource="Product.hbm.xml"></mapping>
  </session-factory>
  
</hibernate-configuration>